Workbook

Sheet Comparatif
A1: FR
B2: Réponse détaillée, sans image | K2: Réponse synthétique, sans image | T2: Réponse avec image
A3: Nom IA | B3: Longueur de réponse | C3: Nombre de mots | D3: Densité d'information utile | E3: Note de réussite | F3: Similarité syntaxique | G3: Score | J3: Nom IA | K3: Longueur de réponse | L3: Nombre de mots | M3: Densité d'information utile | N3: Note de réussite | O3: Similarité syntaxique | P3: Score | S3: Nom IA | T3: Longueur de réponse | U3: Nombre de mots | V3: Densité d'information utile | W3: Note de réussite | X3: Similarité syntaxique | Y3: Score
A4: ChatGPT | B4: =AVERAGE(ChatGPT!B4:B14) | C4: =AVERAGE(ChatGPT!C4:C14) | D4: =AVERAGE(ChatGPT!D4:D14) | E4: =AVERAGE(ChatGPT!E4:E14) | F4: =AVERAGE(ChatGPT!F4:F14) | G4: =(D4^0.25 * (E4/10)^1.5 *(F4/10)^1) /(EXP(0.5 * MAX(C4/250-1,0))) | J4: ChatGPT | K4: =AVERAGE(ChatGPT!J4:J14) | L4: =AVERAGE(ChatGPT!K4:K14) | M4: =AVERAGE(ChatGPT!L4:L14) | N4: =AVERAGE(ChatGPT!M4:M14) | O4: =AVERAGE(ChatGPT!N4:N14) | P4: =(M4^0.25 * (N4/10)^1.5 *(O4/10)^1) /(EXP(0.5 * MAX(L4/250-1,0))) | S4: ChatGPT | T4: =AVERAGE(ChatGPT!R4:R14) | U4: =AVERAGE(ChatGPT!S4:S14) | V4: =AVERAGE(ChatGPT!T4:T14) | W4: =AVERAGE(ChatGPT!U4:U14) | X4: =AVERAGE(ChatGPT!V4:V14) | Y4: =(V4^0.25 * (W4/10)^1.5 *(X4/10)^1) /(EXP(0.5 * MAX(U4/250-1,0)))
A5: Gemini | B5: =AVERAGE(Gemini!B4:B14) | C5: =AVERAGE(Gemini!C4:C14) | D5: =AVERAGE(Gemini!D4:D14) | E5: =AVERAGE(Gemini!E4:E14) | F5: =AVERAGE(Gemini!F4:F14) | G5: =(D5^0.25 * (E5/10)^1.5 *(F5/10)^1) /(EXP(0.5 * MAX(C5/250-1,0))) | J5: Gemini | K5: =AVERAGE(Gemini!J4:J14) | L5: =AVERAGE(Gemini!K4:K14) | M5: =AVERAGE(Gemini!L4:L14) | N5: =AVERAGE(Gemini!M4:M14) | O5: =AVERAGE(Gemini!N4:N14) | P5: =(M5^0.25 * (N5/10)^1.5 *(O5/10)^1) /(EXP(0.5 * MAX(L5/250-1,0))) | S5: Gemini | T5: =AVERAGE(Gemini!R4:R14) | U5: =AVERAGE(Gemini!S4:S14) | V5: =AVERAGE(Gemini!T4:T14) | W5: =AVERAGE(Gemini!U4:U14) | X5: =AVERAGE(Gemini!V4:V14) | Y5: =(V5^0.25 * (W5/10)^1.5 *(X5/10)^1) /(EXP(0.5 * MAX(U5/250-1,0)))
A6: Mistral | B6: =AVERAGE(Mistral!B4:B14) | C6: =AVERAGE(Mistral!C4:C14) | D6: =AVERAGE(Mistral!D4:D14) | E6: =AVERAGE(Mistral!E4:E14) | F6: =AVERAGE(Mistral!F4:F14) | G6: =(D6^0.25 * (E6/10)^1.5 *(F6/10)^1) /(EXP(0.5 * MAX(C6/250-1,0))) | J6: Mistral | K6: =AVERAGE(Mistral!J4:J14) | L6: =AVERAGE(Mistral!K4:K14) | M6: =AVERAGE(Mistral!L4:L14) | N6: =AVERAGE(Mistral!M4:M14) | O6: =AVERAGE(Mistral!N4:N14) | P6: =(M6^0.25 * (N6/10)^1.5 *(O6/10)^1) /(EXP(0.5 * MAX(L6/250-1,0))) | S6: Mistral | T6: =AVERAGE(Mistral!R4:R14) | U6: =AVERAGE(Mistral!S4:S14) | V6: =AVERAGE(Mistral!T4:T14) | W6: =AVERAGE(Mistral!U4:U14) | X6: =AVERAGE(Mistral!V4:V14) | Y6: =(V6^0.25 * (W6/10)^1.5 *(X6/10)^1) /(EXP(0.5 * MAX(U6/250-1,0)))
A9: EN
B10: Réponse détaillée, sans image | K10: Réponse synthétique, sans image | T10: Réponse avec image
A11: Nom IA | B11: Longueur de réponse | C11: Nombre de mots | D11: Densité d'information utile | E11: Note de réussite | F11: Similarité syntaxique | G11: Score | J11: Nom IA | K11: Longueur de réponse | L11: Nombre de mots | M11: Densité d'information utile | N11: Note de réussite | O11: Similarité syntaxique | P11: Score | S11: Nom IA | T11: Longueur de réponse | U11: Nombre de mots | V11: Densité d'information utile | W11: Note de réussite | X11: Similarité syntaxique | Y11: Score
A12: ChatGPT | B12: =AVERAGE(ChatGPT!B20:B30) | C12: =AVERAGE(ChatGPT!C20:C30) | D12: =AVERAGE(ChatGPT!D20:D30) | E12: =AVERAGE(ChatGPT!E20:E30) | F12: =AVERAGE(ChatGPT!F20:F30) | G12: =(D12^0.25 * (E12/10)^1.5 *(F12/10)^1) /(EXP(0.5 * MAX(C12/250-1,0))) | J12: ChatGPT | K12: =AVERAGE(ChatGPT!J20:J30) | L12: =AVERAGE(ChatGPT!K20:K30) | M12: =AVERAGE(ChatGPT!L20:L30) | N12: =AVERAGE(ChatGPT!M20:M30) | O12: =AVERAGE(ChatGPT!N20:N30) | P12: =(M12^0.25 * (N12/10)^1.5 *(O12/10)^1) /(EXP(0.5 * MAX(L12/250-1,0))) | S12: ChatGPT | T12: =AVERAGE(ChatGPT!R20:R30) | U12: =AVERAGE(ChatGPT!S20:S30) | V12: =AVERAGE(ChatGPT!T20:T30) | W12: =AVERAGE(ChatGPT!U20:U30) | X12: =AVERAGE(ChatGPT!V20:V30) | Y12: =(V12^0.25 * (W12/10)^1.5 *(X12/10)^1) /(EXP(0.5 * MAX(U12/250-1,0)))
A13: Gemini | B13: =AVERAGE(Gemini!B20:B30) | C13: =AVERAGE(Gemini!C20:C30) | D13: =AVERAGE(Gemini!D20:D30) | E13: =AVERAGE(Gemini!E20:E30) | F13: =AVERAGE(Gemini!F20:F30) | G13: =(D13^0.25 * (E13/10)^1.5 *(F13/10)^1) /(EXP(0.5 * MAX(C13/250-1,0))) | J13: Gemini | K13: =AVERAGE(Gemini!J20:J30) | L13: =AVERAGE(Gemini!K20:K30) | M13: =AVERAGE(Gemini!L20:L30) | N13: =AVERAGE(Gemini!M20:M30) | O13: =AVERAGE(Gemini!N20:N30) | P13: =(M13^0.25 * (N13/10)^1.5 *(O13/10)^1) /(EXP(0.5 * MAX(L13/250-1,0))) | S13: Gemini | T13: =AVERAGE(Gemini!R20:R30) | U13: =AVERAGE(Gemini!S20:S30) | V13: =AVERAGE(Gemini!T20:T30) | W13: =AVERAGE(Gemini!U20:U30) | X13: =AVERAGE(Gemini!V20:V30) | Y13: =(V13^0.25 * (W13/10)^1.5 *(X13/10)^1) /(EXP(0.5 * MAX(U13/250-1,0)))
A14: Mistral | B14: =AVERAGE(Mistral!B20:B30) | C14: =AVERAGE(Mistral!C20:C30) | D14: =AVERAGE(Mistral!D20:D30) | E14: =AVERAGE(Mistral!E20:E30) | F14: =AVERAGE(Mistral!F20:F30) | G14: =(D14^0.25 * (E14/10)^1.5 *(F14/10)^1) /(EXP(0.5 * MAX(C14/250-1,0))) | J14: Mistral | K14: =AVERAGE(Mistral!J20:J30) | L14: =AVERAGE(Mistral!K20:K30) | M14: =AVERAGE(Mistral!L20:L30) | N14: =AVERAGE(Mistral!M20:M30) | O14: =AVERAGE(Mistral!N20:N30) | P14: =(M14^0.25 * (N14/10)^1.5 *(O14/10)^1) /(EXP(0.5 * MAX(L14/250-1,0))) | S14: Mistral | T14: =AVERAGE(Mistral!R20:R30) | U14: =AVERAGE(Mistral!S20:S30) | V14: =AVERAGE(Mistral!T20:T30) | W14: =AVERAGE(Mistral!U20:U30) | X14: =AVERAGE(Mistral!V20:V30) | Y14: =(V14^0.25 * (W14/10)^1.5 *(X14/10)^1) /(EXP(0.5 * MAX(U14/250-1,0)))

Sheet ChatGPT
A1: FR
B2: Réponse détaillée, sans image | J2: Réponse synthétique, sans image | R2: Réponse avec image
A3: N° Problème | B3: Longueur de réponse | C3: Nombre de mots | D3: Densité d'information utile | E3: Note de réussite | F3: Similarité syntaxique | I3: N° Problème | J3: Longueur de réponse | K3: Nombre de mots | L3: Densité d'information utile | M3: Note de réussite | N3: Similarité syntaxique | Q3: N° Problème | R3: Longueur de réponse | S3: Nombre de mots | T3: Densité d'information utile | U3: Note de réussite | V3: Similarité syntaxique
A4: 1 | B4: 1301 | C4: 204 | D4: 0.26210607 | E4: 8.5 | F4: 10 | I4: 1 | J4: 617 | K4: 95 | L4: 0.23176661 | M4: 7.5 | N4: 10 | Q4: 1 | R4: 982 | S4: 165 | T4: 0.21384929 | U4: 9 | V4: 8
A5: 2 | B5: 1167 | C5: 187 | D5: 0.14567266 | E5: 9 | F5: 10 | I5: 2 | J5: 494 | K5: 79 | L5: 0.27125506 | M5: 8.5 | N5: 9 | Q5: 2 | R5: 949 | S5: 148 | T5: 0.15806112 | U5: 10 | V5: 9
A6: 3 | B6: 1146 | C6: 195 | D6: 0 | E6: 0 | F6: 4 | I6: 3 | J6: 554 | K6: 96 | L6: 0 | M6: 0 | N6: 5 | Q6: 3 | R6: 1845 | S6: 297 | T6: 0 | U6: 0 | V6: 7
A7: 4 | B7: 1576 | C7: 239 | D7: 0.12373096 | E7: 9 | F7: 10 | I7: 4 | J7: 662 | K7: 112 | L7: 0.1102719 | M7: 4 | N7: 8 | Q7: 4 | R7: 1111 | S7: 173 | T7: 0.14761476 | U7: 7 | V7: 10
A8: 5 | B8: 2468 | C8: 341 | D8: 0.27552674 | E8: 10 | F8: 6.5 | I8: 5 | J8: 1697 | K8: 229 | L8: 0.3730112 | M8: 10 | N8: 4.5 | Q8: 5 | R8: 2175 | S8: 272 | T8: 0.27494253 | U8: 10 | V8: 6.5
A9: 6 | B9: 1587 | C9: 220 | D9: 0.39886578 | E9: 9 | F9: 8 | I9: 6 | J9: 934 | K9: 118 | L9: 0.58458244 | M9: 6.5 | N9: 7 | Q9: 6 | R9: 1327 | S9: 175 | T9: 0.25094197 | U9: 9 | V9: 8
A10: 7 | B10: 1531 | C10: 223 | D10: 0.15218811 | E10: 10 | F10: 4.5 | I10: 7 | J10: 970 | K10: 126 | L10: 0.31030928 | M10: 10 | N10: 1 | Q10: 7 | R10: 1017 | S10: 194 | T10: 0.10816126 | U10: 10 | V10: 3.5
A11: 8 | B11: 2725 | C11: 397 | D11: 0.20880734 | E11: 7 | F11: 10 | I11: 8 | J11: 1136 | K11: 154 | L11: 0.31866197 | M11: 7 | N11: 8.5 | Q11: 8 | R11: 2373 | S11: 372 | T11: 0.23472398 | U11: 7 | V11: 9
A12: 9 | B12: 1469 | C12: 240 | D12: 0.080326753 | E12: 6.5 | F12: 7 | I12: 9 | J12: 624 | K12: 79 | L12: 0 | M12: 6 | N12: 5 | Q12: 9 | R12: 1212 | S12: 176 | T12: 0 | U12: 8 | V12: 8
A13: 10 | B13: 927 | C13: 164 | D13: 0 | E13: 10 | F13: 7.5 | I13: 10 | J13: 622 | K13: 96 | L13: 0 | M13: 7.5 | N13: 2 | Q13: 10 | R13: 1362 | S13: 197 | T13: 0 | U13: 5.5 | V13: 5
A14: 11 | B14: 1585 | C14: 238 | D14: 0 | E14: 2.5 | F14: 6 | I14: 11 | J14: 532 | K14: 77 | L14: 0 | M14: 5 | N14: 3 | Q14: 11 | R14: 1241 | S14: 130 | T14: 0 | U14: 10 | V14: 5
A17: EN
B18: Réponse détaillée, sans image | J18: Réponse synthétique, sans image | R18: Réponse avec image
A19: N° Problème | B19: Longueur de réponse | C19: Nombre de mots | D19: Densité d'information utile | E19: Note de réussite | F19: Similarité syntaxique | I19: N° Problème | J19: Longueur de réponse | K19: Nombre de mots | L19: Densité d'information utile | M19: Note de réussite | N19: Similarité syntaxique | Q19: N° Problème | R19: Longueur de réponse | S19: Nombre de mots | T19: Densité d'information utile | U19: Note de réussite | V19: Similarité syntaxique
A20: 1 | B20: 1105 | C20: 140 | D20: 0.51402715 | E20: 9 | F20: 6 | I20: 1 | J20: 418 | K20: 56 | L20: 0.50717703 | M20: 6.5 | N20: 4 | Q20: 1 | R20: 1216 | S20: 179 | T20: 0.27055921 | U20: 9 | V20: 4
A21: 2 | B21: 1251 | C21: 201 | D21: 0.13029576 | E21: 0 | F21: 5 | I21: 2 | J21: 636 | K21: 101 | L21: 0.17924528 | M21: 0 | N21: 7 | Q21: 2 | R21: 1074 | S21: 162 | T21: 0.13035382 | U21: 0 | V21: 9
A22: 3 | B22: 1289 | C22: 193 | D22: 0 | E22: 9 | F22: 4 | I22: 3 | J22: 710 | K22: 116 | L22: 0 | M22: 6.5 | N22: 4 | Q22: 3 | R22: 1870 | S22: 282 | T22: 0 | U22: 6.5 | V22: 7
A23: 4 | B23: 1173 | C23: 179 | D23: 0.11253197 | E23: 10 | F23: 8 | I23: 4 | J23: 805 | K23: 119 | L23: 0.15031056 | M23: 10 | N23: 8 | Q23: 4 | R23: 1061 | S23: 166 | T23: 0.17059378 | U23: 10 | V23: 10
A24: 5 | B24: 2446 | C24: 336 | D24: 0.26696648 | E24: 8 | F24: 8 | I24: 5 | J24: 1378 | K24: 153 | L24: 0.45718433 | M24: 6 | N24: 6 | Q24: 5 | R24: 2259 | S24: 314 | T24: 0.34484285 | U24: 6 | V24: 6.5
A25: 6 | B25: 1747 | C25: 252 | D25: 0.35890097 | E25: 10 | F25: 3.5 | I25: 6 | J25: 588 | K25: 75 | L25: 0.53231293 | M25: 10 | N25: 6 | Q25: 6 | R25: 1319 | S25: 182 | T25: 0.29340409 | U25: 10 | V25: 4.5
A26: 7 | B26: 1756 | C26: 185 | D26: 0 | E26: 7 | F26: 2.5 | I26: 7 | J26: 1116 | K26: 105 | L26: 0 | M26: 6.5 | N26: 0 | Q26: 7 | R26: 1427 | S26: 203 | T26: 0.17589348 | U26: 7 | V26: 4.5
A27: 8 | B27: 2555 | C27: 380 | D27: 0.22035225 | E27: 7 | F27: 5.5 | I27: 8 | J27: 1310 | K27: 215 | L27: 0.29923664 | M27: 5 | N27: 5 | Q27: 8 | R27: 2642 | S27: 368 | T27: 0.27062831 | U27: 8.5 | V27: 8.5
A28: 9 | B28: 1523 | C28: 175 | D28: 0 | E28: 0.5 | F28: 2 | I28: 9 | J28: 733 | K28: 85 | L28: 0 | M28: 4.5 | N28: 0 | Q28: 9 | R28: 1395 | S28: 192 | T28: 0 | U28: 8.5 | V28: 2
A29: 10 | B29: 873 | C29: 137 | D29: 0 | E29: 5 | F29: 5.5 | I29: 10 | J29: 0 | K29: 0 | M29: 3 | N29: 0 | Q29: 10 | R29: 1320 | S29: 202 | T29: 0 | U29: 4 | V29: 4
A30: 11 | B30: 1418 | C30: 224 | D30: 0 | F30: 5 | I30: 11 | J30: 1183 | K30: 144 | L30: 0 | N30: 3 | Q30: 11 | R30: 2169 | S30: 303 | T30: 0 | V30: 5

Sheet Gemini
A1: FR
B2: Réponse détaillée, sans image | J2: Réponse synthétique, sans image | R2: Réponse avec image
A3: N° Problème | B3: Longueur de réponse | C3: Nombre de mots | D3: Densité d'information utile | E3: Note de réussite | F3: Similarité syntaxique | I3: N° Problème | J3: Longueur de réponse | K3: Nombre de mots | L3: Densité d'information utile | M3: Note de réussite | N3: Similarité syntaxique | Q3: N° Problème | R3: Longueur de réponse | S3: Nombre de mots | T3: Densité d'information utile | U3: Note de réussite | V3: Similarité syntaxique
A4: 1 | B4: 2279 | C4: 341 | D4: 0.15445371 | E4: 9 | F4: 9 | I4: 1 | J4: 860 | K4: 125 | L4: 0.21627907 | M4: 8.5 | N4: 7 | Q4: 1 | R4: 2035 | S4: 315 | T4: 0.18181818 | U4: 10 | V4: 7
A5: 2 | B5: 2053 | C5: 310 | D5: 0.10667316 | E5: 10 | F5: 9 | I5: 2 | J5: 904 | K5: 130 | L5: 0.20243363 | M5: 10 | N5: 8 | Q5: 2 | R5: 1652 | S5: 250 | T5: 0.13317191 | U5: 10 | V5: 8
A6: 3 | B6: 2366 | C6: 398 | D6: 0 | E6: 0 | F6: 7 | I6: 3 | J6: 877 | K6: 142 | L6: 0 | M6: 0 | N6: 10 | Q6: 3 | R6: 2969 | S6: 462 | T6: 0 | U6: 0 | V6: 7
A7: 4 | B7: 1958 | C7: 305 | D7: 0.096016343 | E7: 8 | F7: 10 | I7: 4 | J7: 825 | K7: 129 | L7: 0.21575758 | M7: 7 | N7: 10 | Q7: 4 | R7: 2224 | S7: 360 | T7: 0.125 | U7: 9.5 | V7: 10
A8: 5 | B8: 3096 | C8: 457 | D8: 0.25258398 | E8: 10 | F8: 4.5 | I8: 5 | J8: 1891 | K8: 256 | L8: 0.42199894 | M8: 9.5 | N8: 6.5 | Q8: 5 | R8: 3059 | S8: 428 | T8: 0.32755803 | U8: 10 | V8: 6.5
A9: 6 | B9: 2462 | C9: 367 | D9: 0.29366369 | E9: 10 | F9: 7 | I9: 6 | J9: 1275 | K9: 176 | L9: 0.52941176 | M9: 9 | N9: 7 | Q9: 6 | R9: 2118 | S9: 308 | T9: 0.30358829 | U9: 10 | V9: 7
A10: 7 | B10: 2148 | C10: 319 | D10: 0.11219739 | E10: 10 | F10: 4.5 | I10: 7 | J10: 1195 | K10: 172 | L10: 0.23012552 | M10: 10 | N10: 3.5 | Q10: 7 | R10: 1694 | S10: 271 | T10: 0.069067296 | U10: 10 | V10: 4.5
A11: 8 | B11: 3053 | C11: 477 | D11: 0.19882083 | E11: 7 | F11: 8 | I11: 8 | J11: 1776 | K11: 275 | L11: 0.24493243 | M11: 7 | N11: 8 | Q11: 8 | R11: 2830 | S11: 408 | T11: 0.20353357 | U11: 7.5 | V11: 8
A12: 9 | B12: 2584 | C12: 391 | D12: 0 | E12: 8 | F12: 8 | I12: 9 | J12: 1107 | K12: 171 | L12: 0.19150858 | M12: 7.5 | N12: 7 | Q12: 9 | R12: 2315 | S12: 341 | T12: 0.1075594 | U12: 9.5 | V12: 8
A13: 10 | B13: 1818 | C13: 257 | D13: 0 | E13: 10 | F13: 5 | I13: 10 | J13: 1082 | K13: 155 | L13: 0 | M13: 10 | N13: 5 | Q13: 10 | R13: 1925 | S13: 268 | T13: 0 | U13: 8.5 | V13: 5
A14: 11 | B14: 2456 | C14: 354 | D14: 0 | E14: 9 | F14: 6 | I14: 11 | J14: 1175 | K14: 156 | L14: 0 | M14: 5 | N14: 4 | Q14: 11 | R14: 3105 | S14: 459 | T14: 0 | U14: 10 | V14: 6
A17: EN
B18: Réponse détaillée, sans image | J18: Réponse synthétique, sans image | R18: Réponse avec image
A19: N° Problème | B19: Longueur de réponse | C19: Nombre de mots | D19: Densité d'information utile | E19: Note de réussite | F19: Similarité syntaxique | I19: N° Problème | J19: Longueur de réponse | K19: Nombre de mots | L19: Densité d'information utile | M19: Note de réussite | N19: Similarité syntaxique | Q19: N° Problème | R19: Longueur de réponse | S19: Nombre de mots | T19: Densité d'information utile | U19: Note de réussite | V19: Similarité syntaxique
A20: 1 | B20: 2167 | C20: 308 | D20: 0.085371481 | E20: 9 | F20: 8 | I20: 1 | J20: 1051 | K20: 144 | L20: 0.42721218 | M20: 9 | N20: 4 | Q20: 1 | R20: 2116 | S20: 307 | T20: 0.065689981 | U20: 9 | V20: 6
A21: 2 | B21: 2145 | C21: 317 | D21: 0.082983683 | E21: 0 | F21: 8 | I21: 2 | J21: 1010 | K21: 142 | L21: 0.17029703 | M21: 0 | N21: 8 | Q21: 2 | R21: 2236 | S21: 329 | T21: 0.097048301 | U21: 0 | V21: 9
A22: 3 | B22: 2152 | C22: 334 | D22: 0 | E22: 9 | F22: 4 | I22: 3 | J22: 972 | K22: 152 | L22: 0 | M22: 8.5 | N22: 4 | Q22: 3 | R22: 2473 | S22: 369 | T22: 0 | U22: 9.5 | V22: 7
A23: 4 | B23: 2578 | C23: 405 | D23: 0.17145074 | E23: 9 | F23: 8 | I23: 4 | J23: 947 | K23: 145 | L23: 0.1594509 | M23: 10 | N23: 8 | Q23: 4 | R23: 2194 | S23: 341 | T23: 0.10574294 | U23: 9.5 | V23: 8
A24: 5 | B24: 3030 | C24: 408 | D24: 0.28151815 | E24: 9 | F24: 5 | I24: 5 | J24: 1679 | K24: 220 | L24: 0.30315664 | M24: 6 | N24: 4 | Q24: 5 | R24: 2917 | S24: 392 | T24: 0.31436407 | U24: 8 | V24: 6.5
A25: 6 | B25: 2571 | C25: 360 | D25: 0.29015947 | E25: 10 | F25: 7 | I25: 6 | J25: 1531 | K25: 215 | L25: 0.27694317 | M25: 10 | N25: 5.5 | Q25: 6 | R25: 2188 | S25: 308 | T25: 0.27468007 | U25: 10 | V25: 6
A26: 7 | B26: 3324 | C26: 477 | D26: 0 | E26: 7 | F26: 3.5 | I26: 7 | J26: 1875 | K26: 255 | L26: 0 | M26: 7 | N26: 0 | Q26: 7 | R26: 1832 | S26: 292 | T26: 0.09279476 | U26: 7 | V26: 6
A27: 8 | B27: 3077 | C27: 475 | D27: 0.14657134 | E27: 9 | F27: 6 | I27: 8 | J27: 1465 | K27: 214 | L27: 0.33651877 | M27: 7.5 | N27: 5 | Q27: 8 | R27: 2606 | S27: 401 | T27: 0.20683039 | U27: 8.5 | V27: 5
A28: 9 | B28: 2980 | C28: 425 | D28: 0 | E28: 5.5 | F28: 0 | I28: 9 | J28: 1137 | K28: 160 | L28: 0.23834653 | M28: 5.5 | N28: 0 | Q28: 9 | R28: 2463 | S28: 352 | T28: 0 | U28: 5 | V28: 4
A29: 10 | B29: 2041 | C29: 320 | D29: 0 | E29: 8 | F29: 5 | I29: 10 | J29: 977 | K29: 146 | L29: 0 | M29: 8 | N29: 3 | Q29: 10 | R29: 2074 | S29: 318 | T29: 0 | U29: 9 | V29: 4
A30: 11 | B30: 2663 | C30: 411 | D30: 0 | F30: 5 | I30: 11 | J30: 1853 | K30: 269 | L30: 0 | N30: 5 | Q30: 11 | R30: 2620 | S30: 363 | T30: 0 | V30: 6

Sheet Mistral
A1: FR
B2: Réponse détaillée, sans image | J2: Réponse synthétique, sans image | R2: Réponse avec image
A3: N° Problème | B3: Longueur de réponse | C3: Nombre de mots | D3: Densité d'information utile | E3: Note de réussite | F3: Similarité syntaxique | I3: N° Problème | J3: Longueur de réponse | K3: Nombre de mots | L3: Densité d'information utile | M3: Note de réussite | N3: Similarité syntaxique | Q3: N° Problème | R3: Longueur de réponse | S3: Nombre de mots | T3: Densité d'information utile | U3: Note de réussite | V3: Similarité syntaxique
A4: 1 | B4: 1483 | C4: 247 | D4: 0.21173297 | E4: 8 | F4: 10 | I4: 1 | J4: 707 | K4: 111 | L4: 0.39745403 | M4: 8 | N4: 4 | Q4: 1 | R4: 3431 | S4: 561 | T4: 0.060332265 | U4: 7 | V4: 8
A5: 2 | B5: 1818 | C5: 283 | D5: 0.089658966 | E5: 9 | F5: 8 | I5: 2 | J5: 717 | K5: 124 | L5: 0.23012552 | M5: 5 | N5: 4 | Q5: 2 | R5: 1639 | S5: 276 | T5: 0.090909091 | U5: 8 | V5: 8
A6: 3 | B6: 1914 | C6: 337 | D6: 0 | E6: 0 | F6: 7 | I6: 3 | J6: 694 | K6: 130 | L6: 0 | M6: 0 | N6: 2 | Q6: 3 | R6: 2553 | S6: 473 | T6: 0 | U6: 0 | V6: 3
A7: 4 | B7: 2190 | C7: 363 | D7: 0.11689498 | E7: 8 | F7: 10 | I7: 4 | J7: 689 | K7: 117 | L7: 0.13933237 | M7: 4.5 | N7: 6 | Q7: 4 | R7: 1489 | S7: 250 | T7: 0.11618536 | U7: 6.5 | V7: 10
A8: 5 | B8: 3195 | C8: 538 | D8: 0.17621283 | E8: 9 | F8: 6.5 | I8: 5 | J8: 1573 | K8: 242 | L8: 0.37635092 | M8: 9 | N8: 7 | Q8: 5 | R8: 3353 | S8: 561 | T8: 0.14076946 | U8: 8.5 | V8: 4.5
A9: 6 | B9: 3780 | C9: 654 | D9: 0.13597884 | E9: 6 | F9: 7 | I9: 6 | J9: 867 | K9: 144 | L9: 0.32179931 | M9: 5.5 | N9: 6 | Q9: 6 | R9: 3338 | S9: 505 | T9: 0.21749551 | U9: 5.5 | V9: 5.5
A10: 7 | B10: 4264 | C10: 759 | D10: 0.077157598 | E10: 10 | F10: 4.5 | I10: 7 | J10: 532 | K10: 99 | L10: 0.028195489 | M10: 10 | N10: 2.5 | Q10: 7 | R10: 3612 | S10: 614 | T10: 0.1290144 | U10: 10 | V10: 4.5
A11: 8 | B11: 4193 | C11: 693 | D11: 0.11423802 | E11: 7 | F11: 6.5 | I11: 8 | J11: 996 | K11: 170 | L11: 0.32028112 | M11: 6.5 | N11: 5.5 | Q11: 8 | R11: 3640 | S11: 606 | T11: 0.13873626 | U11: 7.5 | V11: 0
A12: 9 | B12: 3379 | C12: 447 | D12: 0 | E12: 2.5 | F12: 4 | I12: 9 | J12: 933 | K12: 139 | L12: 0 | M12: 0.5 | N12: 2 | Q12: 9 | R12: 3168 | S12: 476 | T12: 0 | U12: 2 | V12: 5
A13: 10 | B13: 974 | C13: 146 | D13: 0 | E13: 0 | F13: 1 | I13: 10 | J13: 314 | K13: 50 | L13: 0 | M13: 9 | N13: 2 | Q13: 10 | R13: 2652 | S13: 397 | T13: 0 | U13: 1 | V13: 3
A14: 11 | B14: 4770 | C14: 777 | D14: 0 | E14: 4.5 | F14: 4 | I14: 11 | J14: 673 | K14: 104 | L14: 0 | M14: 2.5 | N14: 2 | Q14: 11 | R14: 3440 | S14: 552 | T14: 0 | U14: 1.5 | V14: 4
A17: EN
B18: Réponse détaillée, sans image | J18: Réponse synthétique, sans image | R18: Réponse avec image
A19: N° Problème | B19: Longueur de réponse | C19: Nombre de mots | D19: Densité d'information utile | E19: Note de réussite | F19: Similarité syntaxique | I19: N° Problème | J19: Longueur de réponse | K19: Nombre de mots | L19: Densité d'information utile | M19: Note de réussite | N19: Similarité syntaxique | Q19: N° Problème | R19: Longueur de réponse | S19: Nombre de mots | T19: Densité d'information utile | U19: Note de réussite | V19: Similarité syntaxique
A20: 1 | B20: 1729 | C20: 282 | D20: 0.13880856 | E20: 8.5 | F20: 4 | I20: 1 | J20: 864 | K20: 140 | L20: 0.17476852 | M20: 4 | N20: 4 | Q20: 1 | R20: 3103 | S20: 505 | T20: 0.059297454 | U20: 7.5 | V20: 1
A21: 2 | B21: 1568 | C21: 243 | D21: 0.098852041 | E21: 0 | F21: 3 | I21: 2 | J21: 654 | K21: 101 | L21: 0.18348624 | M21: 0 | N21: 5 | Q21: 2 | R21: 1563 | S21: 263 | T21: 0.14715291 | U21: 0 | V21: 8
A22: 3 | B22: 1608 | C22: 291 | D22: 0 | E22: 6.5 | F22: 4 | I22: 3 | J22: 534 | K22: 104 | L22: 0 | M22: 6.5 | N22: 4 | Q22: 3 | R22: 2577 | S22: 476 | T22: 0 | U22: 7 | V22: 0
A23: 4 | B23: 2720 | C23: 462 | D23: 0.029044118 | E23: 9.5 | F23: 10 | I23: 4 | J23: 833 | K23: 131 | L23: 0.19207683 | M23: 8.5 | N23: 8 | Q23: 4 | R23: 1726 | S23: 294 | T23: 0.07995365 | U23: 9.5 | V23: 8
A24: 5 | B24: 3247 | C24: 454 | D24: 0.20049276 | E24: 8 | F24: 5.5 | I24: 5 | J24: 1468 | K24: 209 | L24: 0.24659401 | M24: 3 | N24: 1.5 | Q24: 5 | R24: 3417 | S24: 502 | T24: 0.15100966 | U24: 7 | V24: 6.5
A25: 6 | B25: 2465 | C25: 344 | D25: 0.1663286 | E25: 10 | F25: 7 | I25: 6 | J25: 535 | K25: 84 | L25: 0 | M25: 10 | N25: 1.5 | Q25: 6 | R25: 2256 | S25: 345 | T25: 0.0039893617 | U25: 10 | V25: 7
A26: 7 | B26: 1675 | C26: 257 | D26: 0 | E26: 7 | F26: 0 | I26: 7 | J26: 332 | K26: 54 | L26: 0 | M26: 6.5 | N26: 0 | Q26: 7 | R26: 1792 | S26: 307 | T26: 0 | U26: 7.5 | V26: 2.5
A27: 8 | B27: 3391 | C27: 523 | D27: 0.10940725 | E27: 7.5 | F27: 5.5 | I27: 8 | J27: 911 | K27: 154 | L27: 0.31723381 | M27: 6.5 | N27: 3.5 | Q27: 8 | R27: 4734 | S27: 787 | T27: 0.10709759 | U27: 0 | V27: 7.5
A28: 9 | B28: 2773 | C28: 368 | D28: 0 | E28: 6.5 | F28: 0 | I28: 9 | J28: 504 | K28: 75 | L28: 0 | M28: 0 | N28: 0 | Q28: 9 | R28: 3215 | S28: 486 | T28: 0 | U28: 1 | V28: 0
A29: 10 | B29: 2802 | C29: 461 | D29: 0 | E29: 3 | F29: 4 | I29: 10 | J29: 337 | K29: 58 | L29: 0 | M29: 2 | N29: 0 | Q29: 10 | R29: 1916 | S29: 304 | T29: 0 | U29: 4 | V29: 2
A30: 11 | B30: 4559 | C30: 733 | D30: 0 | F30: 2 | I30: 11 | J30: 441 | K30: 79 | L30: 0 | N30: 3 | Q30: 11 | R30: 4075 | S30: 637 | T30: 0 | V30: 2
